Name,Url,Description
Links DB,\\PLY2FS01\RRJ3FH$\rrj3fh\03 Files\00_LinksNavigator\LinksDatabase.accdb,CategoryId
Bosch Ignition Tools SW Community,https://inside-wiki.bosch.com/confluence/display/ignibios/Home,CategoryId
C# Color Object List,https://docs.microsoft.com/en-us/dotnet/api/system.windows.media.colors?view=netframework-4.8,CategoryId
Windows UI Dark Form,https://ourcodeworld.com/articles/read/517/how-to-use-a-darkui-dark-user-interface-in-winforms-c-sharp,CategoryId
Microsoft Blazor Documentation,https://docs.microsoft.com/en-us/aspnet/core/blazor/?view=aspnetcore-3.1,CategoryId
Krypton Extended Suite,https://github.com/Wagnerp/Krypton-Toolkit-Suite-Extended-NET-5.470/blob/master/Examples.md,CategoryId
Krypton Toolkit Documentation,https://csharpdoc.hotexamples.com/namespace/ComponentFactory.Krypton.Toolkit,CategoryId
ML.Net Image Classifier,https://medium.com/machinelearningadvantage/detect-any-object-in-an-image-using-c-and-ml-net-machine-learning-50e606b821a3,CategoryId
ChartJs.Blazor Examples,https://www.iheartblazor.com/welcome,CategoryId
Here is the associated github page:,https://github.com/mariusmuntean/ChartJs.Blazor,HighUse
ChartJS Docs,https://www.chartjs.org/docs/latest/charts/,CategoryId
OI Icons,http://useiconic.com/open#icons,CategoryId
Windows IIS Setup,https://basicsofwebdevelopment.wordpress.com/2016/05/23/a-simple-guide-to-setting-up-home-server-using-iis-and-asp-net/,CategoryId
Server Box with Raid,https://www.newegg.com/p/2NS-0006-329R6,CategoryId
BLAZOR - IndexeDb,https://blog.stevensanderson.com/2019/08/03/blazor-indexeddb/,CategoryId
BLAZOR - University,https://blazor-university.com/,CategoryId
BLAZOR - Study Blazor,https://studyblazor.com/,CategoryId
HTML Color Picker,https://htmlcolorcodes.com/color-picker/,CategoryId
Rivian - Basecamp,https://basecamp.rivian.com,CategoryId
AppData,C:\Users\rrj3fh\AppData\Local,CategoryId
C# Drag & drop datagridview rows,https://www.codeproject.com/Articles/811035/Drag-and-Move-rows-in-DataGridView-Control,CategoryId
BLAZOR - Awesome Blazor,https://github.com/AdrienTorris/awesome-blazor,CategoryId
BLAZOR - On Sharepoint,https://github.com/smjltd/BlazorPoint,CategoryId
BLAZOR - Table,https://github.com/IvanJosipovic/BlazorTable,CategoryId
BLAZOR - Fiddle,https://blazorfiddle.com/,CategoryId
BLAZOR - Extension,https://github.com/BlazorExtensions,CategoryId
BLAZOR - Skclusive UI,https://skclusive.github.io/Skclusive.Material.Docs/chip,CategoryId
Json to SQL Server,https://www.sqlshack.com/import-json-data-into-sql-server/,CategoryId
Json to SQL Server 2,https://www.mssqltips.com/sqlservertip/5295/different-ways-to-import-json-files-into-sql-server/,CategoryId
Json to XML Storage,https://www.c-sharpcorner.com/blogs/save-array-or-list-of-records-as-xml-data-to-sql-server-in-one-call,CategoryId
Casandra One Note,https://sites.inside-share.bosch.com/sites/159743/_layouts/15/WopiFrame2.aspx?sourcedoc=%2Fsites%2F159743%2FSiteAssets%2FURS%5FSP%5F2013%20Notebook&action=edit&wd=target%28PjM%2Eone%7CE8776DE1%2D12B4%2D4D60%2D9F50%2D5F164D65BC36%2FPjM%20directory%7C1FAC25FE%2D8249%2D4D8C%2DBD1B%2DBEAFA23B634F%2F%29,CategoryId
WebView2 Fix 2,https://stackoverflow.com/questions/59711826/chromium-edge-based-webview2-does-not-work,CategoryId
WebView2 Fix 1,https://docs.microsoft.com/en-us/microsoft-edge/webview2/concepts/distribution,CategoryId
Lucid - ShareFile Portal,https://lucidmotors.sharefile.com/Authentication/Login,CategoryId
Canoo - JT Portal,https://uatapps.justransform.com,CategoryId
BUs - VDS Acq Folder,\\bosch.com\dfsrb\DfsUS\DIV\CC\Prj\PS\Sensors\Projects,CategoryId
MBA top 50,https://www.bestcollegesonline.org/most-affordable/online-executive-mba/,CategoryId
GM / Cruise Share Folder,https://bosch.sharepoint.com/sites/msteams_9386085-Contracts/Shared%20Documents/Forms/AllItems.aspx?id=%2Fsites%2Fmsteams%5F9386085%2DContracts%2FShared%20Documents%2FContracts%2C%20Customer%2FCruise%2F04%20Supply%20Agreement%20%28US%29&p=true&fromShare=true&ga=1,CategoryId
Home Point Financial,https://loansphereservicingdigital.bkiconnect.com/homepointfinancial/#/login,CategoryId
Bosch Events,https://bosch.events/user/login,CategoryId
Ford - Sales Folder,\\BOSCH.COM\DfsRB\DfsUS\loc\Ply\ILM\Dept\AE_SCS_NA\Shared\Customers\Ford,CategoryId
SCS 2 Restricted,\\BOSCH.COM\DfsRB\DfsUS\loc\Ply\ILM\Dept\AE_SCS_NA\Restricted,CategoryId
SCS 5 Customers,\\BOSCH.COM\DfsRB\DfsUS\loc\Ply\ILM\Dept\AE_SCS_NA\shared\Customers,CategoryId
SCS TnR,https://rb-tracker.bosch.com/tracker01/issues/?filter=123882,CategoryId
PAP Docs,https://sites.inside-share4.bosch.com/sites/086460/default.aspx?RootFolder=%2Fsites%2F086460%2FDocuments%2FCustomer%20Presentations&FolderCTID=0x0120003E20EE7615217746B614E50573131AFC&View=%7BEC802D78%2D995C%2D4050%2DBC9B%2D1221306D6493%7D,CategoryId
Delta Electronics - Sales Folder,\\BOSCH.COM\DfsRB\DfsUS\loc\Ply\ILM\Dept\AE_SCS_NA\Shared\Customers\DeltaElectronics,CategoryId
EM-AM Electrification,https://sites.inside-share3.bosch.com/sites/140287/default.aspx,CategoryId
House Painter,https://certapro.com/paint-color-ideas/,CategoryId
Bosch Market Reports,https://connect.bosch.com/wikis/home?lang=en-us#!/wiki/W495c1aefa6c9_4988_968b_354ed9737bd2/page/Market%20Reports,CategoryId
Trips Folder,C:\Users\rrj3fh\OneDrive - Bosch Group\PersonalDrive\rrj3fh\01_Files\99_Trips,CategoryId
Borg Warner - Sales Folder,\\BOSCH.COM\DfsRB\DfsUS\loc\Ply\ILM\Dept\AE_SCS_NA\shared\Customers\BorgWarner,CategoryId
GM - Sales Folder,\\BOSCH.COM\DfsRB\DfsUS\loc\Ply\ILM\Dept\AE_SCS_NA\shared\Customers\GM,CategoryId
SC Navigator,https://inside-docupedia.bosch.com/confluence2/scnavigator,CategoryId
ME Presentations - Connect Page,https://inside-docupedia.bosch.com/confluence/display/MEPP/Presentations+for+ME,CategoryId
TnR Edit Link,https://rb-tracker.bosch.com/tracker17/servicedesk/customer/portal/22/TRS-14961,CategoryId
BLAZOR - Optimizations,https://learn.microsoft.com/en-us/aspnet/core/blazor/performance?view=aspnetcore-3.1,CategoryId
ME Content - Connect Page,https://inside-docupedia.bosch.com/confluence/pages/viewpage.action?pageId=2992746120,CategoryId
SCS JBase,https://www-us.intranet.bosch.com/app/MeSalesDatabase,CategoryId
SCS JBase Folder,\\bosch.com\dfsrb\DfsUS\STC\IT\IntranetUS\app\MeSalesDatabase,CategoryId
GM Rocket Software Login,https://b2bi.rocketsoftware.com/login,CategoryId
HSA Healthy Equity,https://my.healthequity.com/ClientLogin.aspx,CategoryId
SCS 4 Commercial,\\BOSCH.COM\DfsRB\DfsUS\loc\Ply\ILM\Dept\AE_SCS_NA\shared\Commercial,CategoryId
SCS 6 Engineering,\\BOSCH.COM\DfsRB\DfsUS\loc\Ply\ILM\Dept\AE_SCS_NA\shared\Engineering,CategoryId
SCS 7 General,\\BOSCH.COM\DfsRB\DfsUS\loc\Ply\ILM\Dept\AE_SCS_NA\Shared\General_Items,CategoryId
Forma $500 Account,https://client.joinforma.com/,CategoryId
Sales Rep Sharepoint,https://sites.share2.bosch.com/sites/139762/Documents/Forms/AllItems.aspx?RootFolder=%2Fsites%2F139762%2FDocuments%2FAutomotive%20Electronics,CategoryId
GM Supply Power,https://gmsupplypower.covisint.com/web/portal/home,CategoryId
GM GDimps,https://gdimps-ocf.gmsupplypower.com/ui/index.html?gateway=https://gdimps-ocf.gmsupplypower.com/api;#!/RFQ_Search,CategoryId
Dart Bank Portal,https://my.dart.bank/login,CategoryId
Tesla B2P - Sharedrive,https://bosch.sharepoint.com/sites/msteams_4066590/Shared%20Documents/Forms/AllItems.aspx?e=5%3Ac14ba85df11146bab6105772b63ebe69&sharingv2=true&fromShare=true&at=9&CID=5e68c8c0%2Dc399%2D48c4%2D91c6%2D0ba1e9eef1aa&FolderCTID=0x01200003D3D315C869CE4880DA329ADBA9EBCA&id=%2Fsites%2Fmsteams%5F4066590%2FShared%20Documents%2FGeneral%2FTesla%20GBB%20B2P%20Opportunity,CategoryId
Perplexity,https://www.perplexity.ai/,CategoryId
RBNA Corporate Policies,https://bgn.bosch.com/FIRSTspiritWeb/wcms/wcms_rgam/en/bosch-globalnet/02-organization/regional-subsidiaries-rg/north-america/topics/rbna-corporate-policies-and-procedures/rbna-corp-policy-and-multilanes.html?cmcall=true&perm_link=wcms_rgam_-RBNA_Corp_Policy_and_MultiLanes-EN,CategoryId
John Sharepoint,https://sites.inside-share4.bosch.com/sites/062222/default.aspx,CategoryId
Bosch Auto Semiconductors,https://www.bosch-semiconductors.com/,CategoryId
Ask Bosch,https://askbosch.ai.bosch.com/en/,CategoryId
+1 HC Sales WCC,https://rb-wam.bosch.com/workon01/workflow03/browse/RBPEREQ-461265,CategoryId
Sentry Mgmt,https://login.clickpay.com/sentry/,CategoryId
Qorvo - Sales Folder,\\BOSCH.COM\DfsRB\DfsUS\loc\Ply\ILM\Dept\AE_SCS_NA\shared\Customers\Qorvo,CategoryId
PIP Folder,C:\Users\rrj3fh\OneDrive - Bosch Group\PersonalDrive\rrj3fh\01_Files\23_HealthItems\04_PIPLetter,CategoryId
ASP HttpClient Net8,https://learn.microsoft.com/en-us/aspnet/core/blazor/security/webassembly/additional-scenarios?view=aspnetcore-8.0,CategoryId
ME Sales Power BI,https://rb-powerbi.bosch.com/reports/powerbi/PBI/Production/AESCNAProductSalesDashboard_923846?rs:embed=true,CategoryId
SCS Links,\\BOSCH.COM\DfsRB\DfsUS\loc\Ply\ILM\Dept\AE_SCS_NA\Shared\General_Items\SCS_Shortcuts.html,CategoryId
Loopnet,https://www.loopnet.com/,CategoryId
MSTR Tracker,https://www.mstr-tracker.com/,CategoryId
Self Storage Howell,https://www.outofsitestoragemi.com/#/unit/listing,CategoryId
Saylor Tracker,https://saylortracker.com/,CategoryId
SCS Docupedia,https://inside-docupedia.bosch.com/confluence2/display/MESCSNA,CategoryId
Lucid - Sales Folder,\\BOSCH.COM\DfsRB\DfsUS\loc\Ply\ILM\Dept\AE_SCS_NA\shared\Customers\Lucid,CategoryId
xMems - Sales Folder,\\BOSCH.COM\DfsRB\DfsUS\loc\Ply\ILM\Dept\AE_SCS_NA\shared\Customers\xMEMS,CategoryId
Personnel Req (PANF) Workon,https://rb-wam.bosch.com/workon01/workflow03/secure/CreateIssue.jspa?pid=10242&issuetype=56,CategoryId
+1 HC FAE WCC,https://rb-wam.bosch.com/workon01/workflow03/browse/RBPEREQ-461267,CategoryId
Receipt Maker,https://makereceipt.com/create-receipt1.php,CategoryId
Rivian - Sales Folder,\\BOSCH.COM\DfsRB\DfsUS\loc\Ply\ILM\Dept\AE_SCS_NA\shared\Customers\03_SalesReps\BAESales\10_Customers\Rivian,CategoryId
Distribution,\\BOSCH.COM\DfsRB\DfsUS\loc\Ply\ILM\Dept\AE_SCS_NA\shared\Customers\02_Distribution,CategoryId
PAP Sharepoint,https://sites.inside-share4.bosch.com/sites/086460/default.aspx,CategoryId
Weekly Tracker,https://bosch-my.sharepoint.com/:x:/r/personal/rrj3fh_bosch_com/Documents/Microsoft Teams Chat Files/WeeklyMeetingTracker 1.xlsx?d=w7956d59135a04dbf87584280b1a2cb88&csf=1&web=1&e=lVJgbI,CategoryId
Act Dashboard - SF,https://bosch-bbm.lightning.force.com/lightning/r/Dashboard/01ZTy00000054uD/view,CategoryId
Image Base64,https://www.base64-image.de/,CategoryId
Syntiant - Sales Folder,\\BOSCH.COM\DfsRB\DfsUS\loc\Ply\ILM\Dept\AE_SCS_NA\shared\Customers\Syntiant,CategoryId
Hamburg Twnp Pay Bill,https://www.hamburg.mi.us/government/township_treasurer/search_tax_info/here.php,CategoryId
Exchange Rates,https://bgn.bosch.com/FIRSTspiritWeb/wcms/wcms_corpfunc/en/bosch-globalnet/02-organization/corporate-functions/cfi/organization/cfif/organization/cfif-fo/topics/c-fif-fo-rates.html?cmcall=true&perm_link=wcms_corpfunc_-topics__34-EN,CategoryId
SiTime - Sales Folder,\\BOSCH.COM\DfsRB\DfsUS\loc\Ply\ILM\Dept\AE_SCS_NA\shared\Customers\SiTime,CategoryId
Bosch Discounts,https://connect.bosch.com/wikis/home?lang=en-us#!/wiki/W5769e0565446_4e7b_94c4_f0195afb67db/page/U.S.%20Bosch%20Associate%20Discounts,CategoryId
Syntiant - Sharedrive,https://bosch.sharepoint.com/sites/20028110/Shared%20Documents/Forms/AllItems.aspx?e=5%3Ab33e73d480494597b92ed3e608d5ea55&sharingv2=true&fromShare=true&at=9&CID=c7d9309e%2D42b8%2D4539%2Db9cb%2Dd670474fb60d&FolderCTID=0x012000977BB05A5F9389419F3A07ECEE20FD6D&id=%2Fsites%2F20028110%2FShared%20Documents%2FRandolph,CategoryId
Exo - Sales Folder,\\BOSCH.COM\DfsRB\DfsUS\loc\Ply\ILM\Dept\AE_SCS_NA\shared\Customers\eXo,CategoryId
Stellantis - Sales Folder,\\BOSCH.COM\DfsRB\DfsUS\loc\Ply\ILM\Dept\AE_SCS_NA\shared\Customers\Stellantis,CategoryId
HP - Sales Folder,\\BOSCH.COM\DfsRB\DfsUS\loc\Ply\ILM\Dept\AE_SCS_NA\shared\Customers\HP,CategoryId
Leather Bag Order,https://therealleathercompany.com/10146447423/orders/068ab08b10755307fc78f4b12dfa4b49,CategoryId
Ask Bosch - Gemini Enterprise,https://vertexaisearch.cloud.google.com/eu/home/cid/bcb383f1-26d8-41fd-9a55-623f7e93de92,CategoryId
Acquire Business (ME),https://kms.wam-sso.bosch.com/bbmdvae/en/pa-204-me-create-and-manage-sales-business-305763914.html,CategoryId
ME Doc Templates,https://kms.wam-sso.bosch.com/bbmbfsc/en/me-sc-mobility-templates-379455147.html,CategoryId
Home Depot CC,https://citiretailservices.citibankonline.com/RSauth/signon?pageName=signon&siteId=PLCN_HOMEDEPOT&langId=en_US&desc=EDZPBFDP0005&cmp=ESVC_EDZPBFDP0005,CategoryId
Rocketreach,https://rocketreach.co/dashboard,CategoryId
GM Financial,https://www.gmfinancial.com/en-us/myaccount/login.html,CategoryId
AcT Dashboard - Power BI,https://app.powerbi.com/groups/me/reports/4ce20940-79d5-4863-8af8-a00638667405/7022034ab809f8eb208b?ctid=0ae51e19-07c8-4e4b-bb6d-648ee58410f4&experience=power-bi,CategoryId
Aita Bio - Customer Folder,\\BOSCH.COM\DfsRB\DfsUS\loc\Ply\ILM\Dept\AE_SCS_NA\shared\Customers\AitaBio,CategoryId
RseP Calendar,https://bosch.sharepoint.com/sites/msteams_daba906a-ExecutiveStaff/Lists/RseP%20Visit%20Calendar/ListView.aspx,CategoryId
Ford RseP Visit Slides,https://bosch.sharepoint.com/sites/msteams_6e4066d4/Shared%20Documents/Forms/AllItems.aspx?id=%2Fsites%2Fmsteams%5F6e4066d4%2FShared%20Documents%2FVisits%2F2026%2F2026%2D02%20Ford&p=true&ga=1,CategoryId
Outlook Web App,https://outlook.office.com/mail/,CategoryId
Bosch APIs,https://marketplace.api.bosch.com/,CategoryId
ZOOX - Confluence Info Page,https://inside-docupedia.bosch.com/confluence/display/CCWCC/Zoox,CategoryId
"ZOOX - Esp, iB Sharepoint",https://sites.inside-share3.bosch.com/sites/130693/default.aspx,CategoryId
WCC - Docupedia,https://inside-docupedia.bosch.com/confluence/pages/viewpage.action?pageId=452311053,CategoryId
WCC - HW Docupedia,https://inside-docupedia.bosch.com/confluence/x/g230Ig,CategoryId
Fisker - Airbag Sharepoint,https://sites.inside-share5.bosch.com/sites/179582/default.aspx,CategoryId
CNA Goals,https://rb-teamboard.emea.bosch.com/en/teamboard/board/194768,CategoryId
PN Lookup,https://rb-eplm-navigator.bosch.com/web/,CategoryId
Travel Booking & Expense,https://portal.bosch.com/#/dashboard,CategoryId
HR Help Desk Contact,\\Ply2fs01\rrj3fh$\rrj3fh\01_Files\31_BoschHr\HrHelpDesk.docx,CategoryId
IT Service Portal,https://service-management.bosch.tech/sp,CategoryId
NEV OneNote,https://sites.inside-share4.bosch.com/sites/010534/_layouts/15/WopiFrame2.aspx?sourcedoc={14c4bf0b-69cc-4ab6-9d23-5f603976197a}&action=edit,CategoryId
ICO Converter,https://www.icoconverter.com/,CategoryId
Salesforce Login,https://bosch-bbm.lightning.force.com/lightning/o/UP2GO_CPRM_BM__SalesProject__c/list?filterName=Recent,CategoryId
PAI Product Promotion Teams Channel,https://teams.microsoft.com/l/team/19%3a66d8fcec2733471192e78fd8dec17f60%40thread.tacv2/conversations?groupId=b010a766-bf56-4904-9d2f-edda5ef7cc6d&tenantId=0ae51e19-07c8-4e4b-bb6d-648ee58410f4,CategoryId
Unified Inbox,"https://inside.bosch.com/irj/portal/fiori#WorkflowTask-displayUIB?allItems=true&/detail/IDM_UIB_L/IDM-102674685_rrj3fh_73174818_en_uk/TaskCollection(SAP__Origin='IDM_UIB_L',InstanceID='IDM-102674685_rrj3fh_73174818_en_uk')",CategoryId
Global Org Charts,"http://fe0vmc1134.de.bosch.com/org.manager.server_P/index.html?goto=a03,(OBJID,10,50033580)&full=1",CategoryId
SCS 3 Shared,\\BOSCH.COM\DfsRB\DfsUS\loc\Ply\ILM\Dept\AE_SCS_NA\shared,CategoryId
Tesla - Sales Folder,\\BOSCH.COM\DfsRB\DfsUS\loc\Ply\ILM\Dept\AE_SCS_NA\Shared\Customers\Tesla,CategoryId
DSP Connect Page,https://connect.bosch.com/wikis/home?lang=en-us#!/wiki/W7efeeeb1db5e_4e6b_bc78_267483172ed7/page/C-DSO%20Did%20you%20know,CategoryId
FireFox,C:\Program Files (x86)\Mozilla Firefox\firefox.exe,CategoryId
Outlook,C:\Program Files\Microsoft Office\root\Office16\OUTLOOK.EXE,CategoryId
Pdf Split & Merge,C:\Program Files\PDFsam Basic\pdfsam.exe,CategoryId
LiteDbStudio,C:\Users\rrj3fh\Desktop\Code\02_Tools\09_LiteDbStudio\LiteDB.Studio-master\LiteDB.Studio.exe,CategoryId
Beyond Compare,C:\Program Files\Beyond Compare 4\BCompare.exe,CategoryId
Calculator,C:\Windows\System32\calc.exe,CategoryId
Internet Explorer,C:\Program Files (x86)\Internet Explorer\iexplore.exe,CategoryId
Paint,C:\Windows\System32\mspaint.exe,CategoryId
Task Manager,C:\Windows\System32\taskmgr.exe,CategoryId
Snipping Tool,C:\Windows\System32\SnippingTool.exe,CategoryId
PDF Split a PDF,https://www.splitapdf.com/pdfsplitform,CategoryId
OneNote,C:\Program Files\Microsoft Office\root\Office16\ONENOTE.EXE,CategoryId
Screenspresso,C:\Program Files\Learnpulse\Screenpresso\Screenpresso.exe,CategoryId
SQL Server Man Studio,C:\Program Files (x86)\Microsoft SQL Server Management Studio 18\Common7\IDE\Ssms.exe,CategoryId
"Stealth Safe, Dean Safes",https://www.deansafe.com/products/stealth-essential-gun-safe-egs23?currency=USD&variant=29352575270967&utm_medium=cpc&utm_source=google&utm_campaign=Google%20Shopping,CategoryId
Host Multiple .Net Core Apps,https://stackoverflow.com/questions/42348511/how-to-host-multiple-net-core-apps-under-the-same-url,CategoryId
Ant Design Blazor,https://antblazor.com/en-US/components,CategoryId
XC SNA Folder,\\bosch.com\dfsrb\DfsUS\DIV\XC\Department_internal\Sales\SNA\SNA-General,CategoryId
Benefits - My Plans Direct,https://auth.myplansconnect.com/rbcdfl/login,CategoryId
Christian Team Board,https://rb-teamboard.emea.bosch.com/de/teamboard/board/233047,CategoryId
BGN BEG,https://inside.bosch.com/irj/portal?NavigationTarget=navurl://acb13688cca1cfbf0a99a41fc7ddea48&ExecuteLocally=true&NavPathUpdate=true,CategoryId
BEGNA Area Map,https://inside-ws.bosch.com/FIRSTspiritWeb/wcms/wcms_rgam/media/rbna/beg-na/root_1/documents_1/general_1/BEGNA_Area_Map.pdf,CategoryId
BGN BEGNA Topics,https://inside.bosch.com/irj/portal?NavigationTarget=navurl://d83d3163fda1157fd94083d4938355d8&ExecuteLocally=true&NavPathUpdate=true,CategoryId
Folder Access Request,https://inside-ws.bosch.com/FIRSTspiritWeb/wcms/wcms_rgam/media/rbna/beg-na/root_1/documents_1/topics_1/how_to_get_access_to_network_folders_Fh_Abt_02.ppt,CategoryId
Jira Insiders Page,https://www.atlassian.com/software/jira/tips/overview?subscription=true,CategoryId
BGN BEGNA,https://inside.bosch.com/irj/portal?NavigationTarget=navurl://21e9a893c0fe37ff9c970486cafc7a1a&ExecuteLocally=true&NavPathUpdate=true,CategoryId
Daily Activities,\\Ply2fs01\rrj3fh$\rrj3fh\03 Files\01_Hours_and_Goals\2018\03_DailyActivities\Project_hours_2018.xls,CategoryId
BGN ESR-NA,https://inside.bosch.com/irj/portal?NavigationTarget=navurl://79449c88ccf4aeeb8d557b4c9740d9af&ExecuteLocally=true&NavPathUpdate=true,CategoryId
Mudblazor,https://mudblazor.com/,CategoryId
BUs - OSS/VDS Training,https://connect.bosch.com/communities/service/html/communitystart?communityUuid=e6babe9d-6297-44aa-8da9-eba1007373b5,CategoryId
Talent Pool Process,https://inside-docupedia.bosch.com/confluence/pages/viewpage.action?pageId=1696975589,CategoryId
AJ EV One Note,https://sites.inside-share.bosch.com/sites/010534/_layouts/15/WopiFrame2.aspx?sourcedoc=%2Fsites%2F010534%2FSiteAssets%2FWest%20Coast%20Customers%20Site%20WCC%20Notebook&action=edit,CategoryId
Ticket Submitter,http://abttxp.abt.de.bosch.com/XPert.aspx,CategoryId
Employee Handbook,https://inside-docupedia.bosch.com/confluence/pages/viewpage.action?pageId=413737524#id-10BEG-NAEmployeeHandbook-TravelandExpenses,CategoryId
PowerBI Sharepoint,https://sites.inside-share2.bosch.com/sites/108010/default.aspx,CategoryId
NG Portal,https://portal.bosch.com/,CategoryId
Airport Parking,https://inside-ws.bosch.com/FIRSTspiritWeb/wcms/wcms_rgam/media/rbna/rbna_fcm/fcm_2/110120deprocAIRLINES_PARKING.pdf,CategoryId
BGN Travel Page,https://inside.bosch.com/irj/portal/?NavigationTarget=HLPFS://wcms_rgam_Bosch_20GlobalNet/wcms_rgam_02_20Organization/wcms_rgam_Regional_20Subsidiaries_20RG/wcms_rgam_RBNA/wcms_rgam_Organization/wcms_rgam_RBNACorporateFunctions/wcms_rgam_RBNA_PUR/wcms_rgam_RBNA_PUR_Services-https://inside-ws.bosch.com/FIRSTspiritWeb/wcms/wcms_rgam/en/bosch_globalnet/02_organization/regional_subsidiaries_rg/rbna/organization/rbnacorporatefunctions/rbna_pur/rbna_pur_services/Travel_Management.html&NavigationContext=HLPFS://wcms_rgam_Bosch_20GlobalNet/wcms_rgam_02_20Organization/wcms_rgam_Regional_20Subsidiaries_20RG/wcms_rgam_RBNA/wcms_rgam_Organization/wcms_rgam_RBNACorporateFunctions/wcms_rgam_RBNA_PUR/wcms_rgam_RBNA_PUR_Services,CategoryId
Business Cards,https://www.vailprinting.com/scripts/ocv1.asp?ocvs=90,CategoryId
Ant Design Colors,https://ant.design/docs/spec/colors,CategoryId
Material Icons,https://fonts.google.com/icons?selected=Material+Icons+Outlined:av_timer,CategoryId
BLAZOR - Built On Blazor,https://builtonblazor.net/,CategoryId
Bootstrap 5,https://getbootstrap.com/docs/5.1/getting-started/introduction/,CategoryId
Bootstrap Colors,https://getbootstrap.com/docs/5.0/customize/color/,CategoryId
Open Color,https://yeun.github.io/open-color/,CategoryId
BitBucket,https://id.atlassian.com/login?application=bitbucket&continue=https%3A%2F%2Fbitbucket.org%2Faccount%2Fsignin%2F%3FredirectCount%3D1%26next%3D%252F,CategoryId
WinHost,https://cp.winhost.com/login.aspx,CategoryId
Jobs External,http://your.bosch-career.com/en/web/us/us/home_us/home,CategoryId
Jobs Internal,https://www.smartrecruiters.com/app/internal-mobility,CategoryId
Travel Client Portal Login,https://portal.fcm.travel/bosch,CategoryId
IT Links,C:\daten\users\defaultuser\myCILinks\v11\index.html,CategoryId
BGN Fh/Ply,https://inside.bosch.com/irj/portal?NavigationTarget=navurl://1ffede5c747a1a36dcd85075cf2095a1&ExecuteLocally=true&NavPathUpdate=true,CategoryId
BGN Fh HRL Topics,https://inside.bosch.com/irj/portal/?NavigationTarget=HLPFS://wcms_rgam_Bosch_20GlobalNet/wcms_rgam_02_20Organization/wcms_rgam_Regional_20Subsidiaries_20RG/wcms_rgam_RBNA/wcms_rgam_Location/wcms_rgam_00_united_states/wcms_rgam_farmingtonhills_1/wcms_rgam_02_fh_ply_organization/wcms_rgam_hrl_fh_ply/wcms_rgam_05_xxxx_topics_43/wcms_rgam_XXXX_Topicspage_57&NavigationContext=HLPFS://wcms_rgam_Bosch_20GlobalNet/wcms_rgam_02_20Organization/wcms_rgam_Regional_20Subsidiaries_20RG/wcms_rgam_RBNA/wcms_rgam_Location/wcms_rgam_00_united_states/wcms_rgam_farmingtonhills_1/wcms_rgam_02_fh_ply_organization/wcms_rgam_hrl_fh_ply/wcms_rgam_05_xxxx_topics_43,CategoryId
Name Plates,https://inside-ws.bosch.com/FIRSTspiritWeb/wcms/wcms_rgam/media/rbna/28_locations/01_hrl_fh_ply/misc._documents/Name_Plates.pdf,CategoryId
Service Center,https://inside.bosch.com/irj/portal/?NavigationTarget=HLPFS://wcms_rgam_Bosch_20GlobalNet/wcms_rgam_02_20Organization/wcms_rgam_Regional_20Subsidiaries_20RG/wcms_rgam_RBNA/wcms_rgam_Organization/wcms_rgam_RBNACorporateFunctions/wcms_rgam_RBNA_TER/wcms_rgam_02_xxxx_organization_8/wcms_rgam_RBNA_FCM/wcms_rgam_RBNA_FCM_AssociateServices-https://inside-ws.bosch.com/FIRSTspiritWeb/wcms/wcms_rgam/en/bosch_globalnet/02_organization/regional_subsidiaries_rg/rbna/organization/rbnacorporatefunctions/rbna_ter/02_xxxx_organization_8/rbna_fcm/rbna_fcm_associateservices/Standard_page.html&NavigationContext=HLPFS://wcms_rgam_Bosch_20GlobalNet/wcms_rgam_02_20Organization/wcms_rgam_Regional_20Subsidiaries_20RG/wcms_rgam_RBNA/wcms_rgam_Organization/wcms_rgam_RBNACorporateFunctions/wcms_rgam_RBNA_TER/wcms_rgam_02_xxxx_organization_8/wcms_rgam_RBNA_FCM/wcms_rgam_RBNA_FCM_AssociateServices,CategoryId
Bosch Hotels,http://www.bosch-hotels.com/,CategoryId
Doors,C:\Program Files (x86)\IBM\Rational\DOORS\9.5\bin\doors.exe,CategoryId
Bosch Health,https://portal.hfit.com/go.hcn?hcn2~SBegin~bosch,CategoryId
Bosch iBusiness,http://www.bosch-ibusiness.com/en/index.html,CategoryId
CM Parts Catalog,https://inside-ws.bosch.com/FIRSTspiritWeb/wcms/wcms_cm/media/cm/organization/businessunits/cmps/06_cm_ps_products/Folder_Coach_2011_E.pdf,CategoryId
Bosch Training,https://rb-wam.bosch.com/tfim/sps/successfactors/saml20/logininitial?RelayState=/sf/learning?destUrl=https%253a%252f%252fbosch%252eplateau%252ecom%252flearning%252fuser%252fdeeplink%255fredirect%252ejsp%253flinkId%253dLEARNING%255fPLAN%2526fromSF%253dY%26company%3DBOSCH&RequestBinding=HTTPPost&PartnerId=https://www.successfactors.com&NameIdFormat=Email,CategoryId
RBNA Technical Library,https://connect.bosch.com/communities/service/html/communityview?communityUuid=44a19dad-de10-4afa-9f9b-95a5a81e6904,CategoryId
Bosch MSW WiFi,https://connect.bosch.com/wikis/home?lang=en-us#!/wiki/Wc2046d795e2f_4473_bee1_9e819021702a/page/MSW%20-%20Mobile%20Services%20WLAN?section=ii18,CategoryId
Bosch PIM Setup,https://inside-docupedia.bosch.com/confluence/display/MOBDEV/iOS+Mobile+PIM+Configuration,CategoryId
BGN CC-NA,https://inside.bosch.com/irj/portal/?NavigationTarget=HLPFS%3A%2F%2Fwcms_rgam_Bosch_20GlobalNet%2Fwcms_rgam_02_20Organization%2Fwcms_rgam_Regional_20Subsidiaries_20RG%2Fwcms_rgam_RBNA%2Fwcms_rgam_Organization%2Fwcms_rgam_RBNADivisions%2Fwcms_rgam_CCNA%2Fwcms_rgam_CCNA_startpage&NavigationContext=HLPFS%3A%2F%2Fwcms_rgam_Bosch_20GlobalNet%2Fwcms_rgam_02_20Organization%2Fwcms_rgam_Regional_20Subsidiaries_20RG%2Fwcms_rgam_RBNA%2Fwcms_rgam_Organization%2Fwcms_rgam_RBNADivisions%2Fwcms_rgam_CCNA,CategoryId
Open Insider,http://openinsider.com/,CategoryId
SEC Filings,https://www.sec.gov/edgar/searchedgar/companysearch.html,CategoryId
Southeast Michigan Startups,http://semichiganstartup.com/companies/?page=all,CategoryId
Michael Moritz VC,https://www.entrepreneur.com/video/277124,CategoryId
Ctools,https://weblogin.umich.edu/?cosign-ctools&https://ctools.umich.edu/sakai-login-tool/container,CategoryId
USPTO Patent Database,http://patft.uspto.gov/netahtml/PTO/search-adv.htm,CategoryId
Asana,https://app.asana.com/,CategoryId
Startup - Startup Garage,http://www.a2startupgarage.com/,CategoryId
Startup - Rise of the Rest,https://www.riseofrest.com/blog/the-ann-arbor-detroit-start-up-connection/,CategoryId
Startup - Tech Brewery,https://www.techbrewery.org/,CategoryId
Startup - Ann Arbor Spark,http://www.annarborusa.org/start-here/incubator-network,CategoryId
Startup - Values in a Co-founder,http://thedec.co/2015/09/four-key-values-to-look-for-in-a-co-founder/?gclid=Cj0KCQjw09zOBRCqARIsAH8XF1bTUUPO2DtBI6c9sBbbuRarj4e8NlRh6nOCd4w0Ol-aeMjTTSCIapIaAkSXEALw_wcB,CategoryId
Startup - Pitch Club,https://www.eventbrite.com/e/pitch-club-ann-arbor-tickets-37765075357?aff=es2,CategoryId
Startup - Finding a Co-founder,https://www.entrepreneur.com/article/244259,CategoryId
Startup - Ann Arbor Events,https://www.eventbrite.com/d/mi--ann-arbor/startup-event/,CategoryId
Water Softener,http://www.sears.com/kenmore-high-efficiency-water-softener/p-04238300000P?rrec=true,CategoryId
House Utilities - DTE Energy,https://www.newlook.dteenergy.com/wps/wcm/connect/dte-web/login,CategoryId
House Utilities - Consumers,https://www.consumersenergy.com/login,CategoryId
Startup - Kyyba Accelerator,http://kyybaxcelerator.com/,CategoryId
Startups - MVCA,https://michiganvca.org/,CategoryId
Living As a Leader,http://www.livingasaleader.com/blog/main/48/How_to_Prepare_Yourself_for_a_Leadership_Role.aspx?contactid=IC6DR0QJ9T,CategoryId
AngelList,https://angel.co/,CategoryId
TPD1 Docupedia,https://inside-docupedia.bosch.com/confluence/display/TPD1,CategoryId
Smart Recruiters - My Profile,https://my.smartrecruiters.com/api/sign-in?token=edbff421-800b-4eda-8ffb-e66b9ff2243d&application=d3868d97-cdd1-46ee-b6f4-5e0ee1dc6445&utm_source=autoreply,CategoryId
Golf Trophy Tag,https://www.etsy.com/listing/1061625095/custom-circle-tag-for-handmade-items?gpla=1&gao=1&variation0=2150153496,CategoryId
House Utilities - Water,https://www.lyontwp.org/,CategoryId
RBNA Innovation Page,https://connect.bosch.com/communities/service/html/communitystart?communityUuid=730c3bce-ae52-481e-81f1-93aea16828d7,CategoryId
Collab Room Setup,https://inside.bosch.com/irj/portal?NavigationTarget=navurl://a6992df13ba1bd810b2ae1b9a2b82b6d&ExecuteLocally=true&NavPathUpdate=true,CategoryId
Collab Room Setup 2,https://inside.bosch.com/irj/portal?NavigationTarget=navurl://128495d36c3e836e4cb6bfdbc64b0a27&ExecuteLocally=true&NavPathUpdate=true,CategoryId
Bosch Connect,https://connect.bosch.com/homepage/web/updates/#myStream/imFollowing/all,CategoryId
Pool Cars,https://inside.bosch.com/irj/portal/?NavigationTarget=HLPFS://wcms_rgam_Bosch_20GlobalNet/wcms_rgam_02_20Organization/wcms_rgam_Regional_20Subsidiaries_20RG/wcms_rgam_RBNA/wcms_rgam_Organization/wcms_rgam_RBNACorporateFunctions/wcms_rgam_RBNA_TER/wcms_rgam_02_xxxx_organization_8/wcms_rgam_RBNA_FCM/wcms_rgam_RBNA_FCM_Organization-https://inside-ws.bosch.com/FIRSTspiritWeb/wcms/wcms_rgam/en/bosch_globalnet/02_organization/regional_subsidiaries_rg/rbna/organization/rbnacorporatefunctions/rbna_ter/02_xxxx_organization_8/rbna_fcm/rbna_fcm_organization/Pool_Vehicles.html&NavigationContext=HLPFS://wcms_rgam_Bosch_20GlobalNet/wcms_rgam_02_20Organization/wcms_rgam_Regional_20Subsidiaries_20RG/wcms_rgam_RBNA/wcms_rgam_Organization/wcms_rgam_RBNACorporateFunctions/wcms_rgam_RBNA_TER/wcms_rgam_02_xxxx_organization_8/wcms_rgam_RBNA_FCM/wcms_rgam_RBNA_FCM_Organization,CategoryId
Building Map Ply,https://inside-ws.bosch.com/FIRSTspiritWeb/wcms/wcms_rgam/media/rbna/prep_organization/PLY-Building-Map.pdf,CategoryId
Building Map Fh,https://inside-ws.bosch.com/FIRSTspiritWeb/wcms/wcms_rgam/media/rbna/prep_organization/FH-Building-Map.pdf,CategoryId
GSIS BGN,https://inside.bosch.com/irj/portal/?NavigationTarget=HLPFS://wcms_gs_Bosch_20GlobalNet/wcms_gs_02_20Organization/wcms_gs_Automotive_20Technology_20UBK/wcms_gs_GS/wcms_gs_Organization/wcms_gs_IT_and_Data_Security/wcms_gs_GS_ICO/wcms_gs_Organization_GS_ICO/wcms_gs_GS_ICO3_2/wcms_gs_topics_gs_ico1_1/wcms_gs_GS_IS_1/wcms_gs_about_gs_is&NavigationContext=HLPFS://wcms_gs_Bosch_20GlobalNet/wcms_gs_02_20Organization/wcms_gs_Automotive_20Technology_20UBK/wcms_gs_GS/wcms_gs_Organization/wcms_gs_IT_and_Data_Security/wcms_gs_GS_ICO/wcms_gs_Organization_GS_ICO/wcms_gs_GS_ICO3_2/wcms_gs_topics_gs_ico1_1/wcms_gs_GS_IS_1,CategoryId
GSIS Login,http://www.intranet.bosch.com/app/epc/GSIS/GSIS_AutoLogin_EN.htm,CategoryId
Bosch Ply Ping Pong,https://connect.bosch.com/communities/service/html/communitystart?communityUuid=5e4b3c6c-9db7-46a8-bd1f-db16723783e3,CategoryId
Bosch Media Space,http://www.bosch-mediaspace.com/mediaspace/,CategoryId
eSignature,https://rb-wam.bosch.com/workon01/workflow01/plugins/servlet/redir/create/EUU/euu.issuetype.eUU,CategoryId
CCNA Connect Page,https://connect.bosch.com/communities/service/html/communityview?communityUuid=17b84b37-22a8-42be-8588-f15e6268a73a#fullpageWidgetId=Wf32ac231f956_4b31_bea4_226ed4e541f8,CategoryId
HR Global,https://portal.bosch.com/launch/app/86,CategoryId
Bosch EBL,https://bosch.eblib.com/patron/Login.aspx,CategoryId
RBNA Innovation,https://connect.bosch.com/wikis/home?lang=en-us#!/wiki/W4efdd86f3152_4d22_9ff0_21bed12d6003/page/Finding%20a%20Landing%20Place,CategoryId
RBNA ETC Center,https://connect.bosch.com/wikis/home?lang=en-us#!/wiki/W463216c99129_4f38_a13d_945c46cc8e48/page/ETC%20Organization,CategoryId
RBNA Service Catalog,http://rb-servicecatalog.apps.intranet.bosch.com/,CategoryId
RBNA Innovation Concepts,https://connect.bosch.com/wikis/home?lang=en-us#!/wiki/W4efdd86f3152_4d22_9ff0_21bed12d6003/page/Workshop%20Educational%20Material,CategoryId
3D Lab Scott Smith Folder,\\Ply2fs03\gs-emp5-na$\Create_a_New_Folder_In_Here_and_Add_files,CategoryId
Email Quota Increase Request,http://rb-msx-reports.de.bosch.com/MBXQuotaSelfService/,CategoryId
Bosch Silkroad,https://bosch.silkroad.com/eprise/local/SystemPages/PasswordChangeEmail?PWDCHREQTOK=6f28b6c5047434c5808897181a97cd3c2823330be73eeed6e48b5bbc87db980c&p=992&referer=https%3a%2f%2fbosch.silkroad.com%3a443%2frcng%2f,CategoryId
WorkOn,https://rb-wam.bosch.com/workon01/workflow03/secure/BoschIssueNavigator.jspa?pid=10720&type=209&mode=hide&requestId=platform_platform5,CategoryId
Golf Outing Pics,\\bosch.com\dfsrb\DfsUS\loc\Ply\ILM\Common\Plymouth_Team_Spirit\Golf_Outings,CategoryId
Bosch Data Exchange,https://inside-docupedia.bosch.com/confluence/display/NGW/Data+Exchange,CategoryId
Expense Reports,https://inside-docupedia.bosch.com/confluence/display/ECUSWDEV/10+BEG-NA+Employee+Handbook#id-10BEG-NAEmployeeHandbook-TravelandExpenses,CategoryId
TalentHub - Jobs Internal,https://www.smartrecruiters.com/app/internal-mobility,CategoryId
Expense Reports - New Version,https://inside.bosch.com/irj/portal/fiori#HR_NA_MyTravelExpense-manage&/viewExpense/TravelAndExpenseHeaders('620592391000694231_____'),CategoryId
URS Folder Access,https://rb-urs.bosch.com,CategoryId
Bosch Tube,https://tube.video.bosch.com/channels,CategoryId
Skype Wiki,https://inside-docupedia.bosch.com/confluence/display/NGW/Video+Telephony,CategoryId
Bosch Quality Wiki,https://connect.bosch.com/wikis/home?lang=de-de#!/wiki/W659bd952f8ae_4eab_981a_d6cb2398c04f/page/OUR%20Q-MINDSET%20%E2%80%93%20The%20Bosch%20Quality%20Principles,CategoryId
BMSN Portal,https://rb-wam.bosch.com/bexs2/,CategoryId
TalentHub,https://inside.bosch.com/irj/portal?NavigationTarget=navurl://24c3fdef8dd3a91fcb28d4e1851b4d1f,CategoryId
IT Workplace Toolkit,C:\Program Files\BOSCH\CMST\CMST.exe,CategoryId
Bosch TrustCenter,https://inside.bosch.com/irj/portal/?NavigationTarget=HLPFS://wcms_ci_Bosch_20GlobalNet/wcms_ci_02_20Organization/wcms_ci_Corporate_20Functions/wcms_ci_CI/wcms_ci_topics-https://inside-ws.bosch.com/FIRSTspiritWeb/wcms/wcms_ci/en/bosch_globalnet/02_organization/corporate_functions/ci/topics/topic_xy_72.html&NavigationContext=HLPFS://wcms_ci_Bosch_20GlobalNet/wcms_ci_02_20Organization/wcms_ci_Corporate_20Functions/wcms_ci_CI/wcms_ci_topics,CategoryId
Sample Price Catalog,https://app.powerbi.com/groups/me/apps/a9d1e836-615d-48d4-8fe1-fa8c32e47dc6/reports/e6b3cfa5-3192-4393-bca3-68e1a7cd90bf/ReportSection825efced665deae88a53?ctid=0ae51e19-07c8-4e4b-bb6d-648ee58410f4,CategoryId
Samos Sample Catalog,https://connect.bosch.com/wikis/home?lang=en-us#!/wiki/Wfc004f222935_425b_8fcd_b2ad1940d040/page/Standards,CategoryId
Samos Ordering Tool,https://rb-wam.bosch.com/esamos/#/dashboard,CategoryId
NEV Top Level,https://sites.inside-share.bosch.com/sites/010534/Documents/Forms/test12.aspx,CategoryId
BUs - AS - Training,https://connect.bosch.com/wikis/home?lang=en-us#!/wiki/W7b104f08eaee_4274_8a2a_c52ef564fada/page/Modular%20brake%20systems-%20General%20information,CategoryId
CNA TnR,https://rb-tracker.bosch.com/tracker01/issues/?filter=79039,CategoryId
Tesla - Sales Project Folder,\\bosch.com\dfsrb\DfsUS\DIV\CC\Prj\Customer\Tesla\10_AS,CategoryId
BUs - AS - PRM Sharepoint,https://sites.inside-share.bosch.com/sites/088311/Documents/Forms/Revision%20Set.aspx,CategoryId
BUs - AT - Training,https://tube.video.bosch.com/channel/Actuation%2Bvideo%2Btrainings/1278,CategoryId
BUs - DA - Training,https://inside-ws.bosch.com/FIRSTspiritWeb/wcms/wcms_ccda_salesinfoportal/en/presentation_topics/presentation_topics.html,CategoryId
ePC2.0 Tool,https://rb-cc-solution.wam-sso.bosch.com/apex/f?p=1200:1:6841904763435:::::,CategoryId
iGPM - Learning Space,https://rb-boschlearningspace.bosch.com/accelerator/dispatch.do?node=11440&reset_view=true&usecase=deeplink_portal_embedded&view=courses&selected_view=courses&preview=false,CategoryId
Lead AM Sharepoint,https://sites.inside-share.bosch.com/sites/048720/default.aspx,CategoryId
Market Reports,\\bosch.com\dfsrb\DfsUS\DIV\CC\Controlling\Financial\Sharepoint_with_Sales_team\Market_Report,CategoryId
Race Wiki,https://connect.bosch.com/wikis/home?lang=en-us#!/wiki/Wb7721dbaed64_41ab_af19_1f78d034e32d/page/Trainings%20and%20Info%20Material,CategoryId
Sales & Marketing Wiki,https://connect.bosch.com/wikis/home?lang=en-us#!/wiki/W23f773d79778_443e_9012_29688bf4af4c/page/Our%20Target%20Groups%20%40CC%20Sales%20%26%20Marketing,CategoryId
Sales Coordination Folder,\\bosch.com\dfsrb\DfsDE\DIV\CS\DE_CS$\General_Info\Sales_Coordination\14_RMI\Tool_and_Report,CategoryId
Sales Process,https://connect.bosch.com/wikis/home?lang=en-us#!/wiki/W23f773d79778_443e_9012_29688bf4af4c/page/CC%20Sales%20Process,CategoryId
BUs - PS Sharepoint,https://sites.inside-share.bosch.com/sites/040524/default.aspx,CategoryId
CNA Sharepoint #1,https://sites.inside-share3.bosch.com/sites/102530/default.aspx,CategoryId
Samos Reference Table,https://rb-wam.bosch.com/reftable/pages/display/refSearch.seam,CategoryId
VPZ Visualization,https://rb-powerbi-q.bosch.com/Reports/powerbi/Production/VPZ219NAMMBL10152019_57798_abfac658?rs:embed=true,CategoryId
Signature Rules,https://connect.bosch.com/communities/service/html/communityview?communityUuid=17b84b37-22a8-42be-8588-f15e6268a73a#fullpageWidgetId=Wf32ac231f956_4b31_bea4_226ed4e541f8&file=910bb985-ec73-4d95-a208-ffff907271d7,CategoryId
NEV Customers,https://sites.inside-share4.bosch.com/sites/010534/Documents/Forms/test12.aspx?RootFolder=/sites/010534/Documents/1%20-%20Customers,CategoryId
eSamos,https://rb-wam.bosch.com/esamos/#/dashboard,CategoryId
ePC2.0 Help Page,https://inside-docupedia.bosch.com/confluence/display/160960/ePC2.0+Product+Data,CategoryId
IncoTerms Online,https://freighthub.com/en/blog/incoterms-and-when-to-use-which-one/,CategoryId
BUs - AS/AT - Training,\\bosch.com\dfsrb\DfsDE\DIV\CS\DE_CS$\General_Info\CC-Sales\Marketing_CC\03_Info_CC\20_Intranet\02_Active_Safety\02_06_New_Braking_Systems\02_06_7_iBooster,CategoryId
Weekly Sales Reports,\\bosch.com\dfsrb\DfsDE\DIV\CS\DE_CS$\General_Info\Sales\03_Weekly_Sales_Reports,CategoryId
Sample Community,https://connect.bosch.com/communities/service/html/communitystart?communityUuid=002f3e97-c569-49e4-b02b-edd7e99bde39,CategoryId
Sales Controlling Folder,\\bosch.com\dfsrb\DfsUS\DIV\CC\Cross\Sales_Controlling,CategoryId
PMO Best Practices,\\bosch.com\dfsrb\DfsUS\DIV\CC\Sales\Proj_Mangement_Office\PjM_Best_Practices,CategoryId
ISAC Data,\\bosch.com\dfsrb\DfsUS\DIV\CC\Sales\Sales_NA\007_CM_Topics\01_KPI\01_AcT_ISAC,CategoryId
RB General T&Cs,https://sites.inside-share.bosch.com/sites/010534/Documents/0%20-%20Internal%20WCC%20Team%20Docs/RBUS%20TCs%20Automotive_CLEAN_22oct2019.pdf,CategoryId
All - VPZ Data,\\bosch.com\dfsrb\DfsUS\DIV\CC\Sales\Sales_NA\007_CM_Topics\02_Planning\04_VPZ\VPZ_20_I\Final_checks,CategoryId
iGPM MCR Docupedia,https://inside-docupedia.bosch.com/confluence/display/iGPMMCRCC/iGPM+MCR+@+CC+Home,CategoryId
CC - Sales NA TnR Change,https://rb-tracker.bosch.com/tracker03/browse/JRA-89705,CategoryId
CC - Sales TnR Fields Table,https://rb-tracker.bosch.com/tracker01/secure/ConfigureReport.jspa?selectedProjectId=46013&reportKey=com.bosch.jira.rb-jira-util%3Acustomfield-report&atl_token=AFPV-R5J3-EV2B-7LM2_2b62dd8b5d095b5a4e71e0cddeb05d4bca54aaa9_lin&Next=Next,CategoryId
BUs - DA Sales Portal,https://inside-ws.bosch.com/FIRSTspiritWeb/wcms/wcms_ccda_salesinfoportal/en/meetings/sales_telcon_2020/sales_telcon_2020.html,CategoryId
Damodaran,http://pages.stern.nyu.edu/~adamodar/,CategoryId
Dividends - Simply Safe,http://www.simplysafedividends.com/dividend-aristocrats/,CategoryId
Dividends - Sure Dividend,http://www.suredividend.com/dividend-aristocrats-list/?gclid=Cj0KEQjwnsPGBRDo4c6RqK-Oqu8BEiQAwNviCbZjn9YjyO2owtdFtjGUyc-ZBjHJZr7be4sgZ4ngoyAaAhpt8P8HAQ,CategoryId
ValueWalk,http://www.valuewalk.com/,CategoryId
finbox.io,https://finbox.io/,CategoryId
Bitcoin - Bitcoin.com,http://bitcoin.com,CategoryId
Simply Wall Street,https://simplywall.st/user/views/157/popular-view,CategoryId
Merrill Edge,https://olui2.fs.ml.com/TFPSummary/PortfolioSimpleView.aspx,CategoryId
Dataroma,https://www.dataroma.com/m/home.php,CategoryId
Virgin Pulse Health Login,https://iam.virginpulse.com/auth/realms/virginpulse/protocol/openid-connect/auth?client_id=genesis-ui&redirect_uri=https%3A%2F%2Fapp.member.virginpulse.com%2F&state=815de08c-0b84-491c-bb39-d0bcf4427fa3&nonce=c2564086-7ba6-485f-885b-975b75f047b8&response_mode=fragment&response_type=code&scope=openid,CategoryId
Bosch Health Mercer Login,https://auth.mercer.com/rbcdfl/login,CategoryId
Best Buy Credit Card,https://citiretailservices.citibankonline.com/RSnextgen/svc/launch/index.action?siteId=PLCN_BESTBUY&langId=en_US#signoff,CategoryId
Fidelity Net Benefits,https://nb.fidelity.com/public/nb/default/home,CategoryId
Bitcoin - BitNodes,https://bitnodes.io/,CategoryId
Bitcoin - BlockChair,https://blockchair.com/charts,CategoryId
Bitcoin - CoinGecko,https://www.coingecko.com/en/coins/bitcoin,CategoryId
Bitcoin - CoinDance,https://coin.dance/stats,CategoryId
Bitcoin - LearnMeBitcoin,https://learnmeabitcoin.com/technical/,CategoryId
Bitcoin - Digitalik Data,https://digitalik.net/btc/,CategoryId
Finance H-drive Folder,\\Ply2fs01\rrj3fh$\rrj3fh\03 Files\04_Finance,CategoryId
SCP-NA Monthly Prognosis,https://connect.bosch.com/wikis/home?lang=en-us#!/wiki/Wd74f60365649_4033_8515_bd5df1898781/page/Monthly%20Prognosis,CategoryId
Acq Instruments,https://connect.bosch.com/wikis/home?lang=en#!/wiki/W922e5cf7bcdf_4c70_8810_26baae05b1bd/page/Sales%20Instruments,CategoryId
SBF WorkOn Form,https://rb-wam.bosch.com/workon01/workflow03/secure/CreateIssue.jspa?pid=10720&issuetype=209,CategoryId
HC and Budget,\\bosch.com\dfsrb\DfsDE\DIV\CS\DE_CS$\General_Info\CC-Controlling\02_HC_and_Budget,CategoryId
SBF Open Items,https://rb-wam.bosch.com/workon01/workflow03/secure/BoschIssueNavigator.jspa?pid=10720&reset=true&sorter/field=issuekey&sorter/order=DESC&type=209,CategoryId
BBM Tier Community,https://connect.bosch.com/wikis/home?lang=de-de#!/wiki/W31b7ae28cf8c_4541_90c3_3b39411b9bc2/page/Global%20Community%20Call,CategoryId
SBF DRAS,https://dras.inside.bosch.cloud,CategoryId
CNA Sales DB Folder,\\si02fs32.de.bosch.com\intranet-app$\CnaSalesDatabase,CategoryId
Exchange Rates,https://inside.bosch.com/irj/portal/?NavigationTarget=HLPFS://wcms_corpfunc_Bosch_20GlobalNet/wcms_corpfunc_02_20Organization/wcms_corpfunc_corporate_functions/wcms_corpfunc_c_fi/wcms_corpfunc_organization_303/wcms_corpfunc_c_fif/wcms_corpfunc_organization__17/wcms_corpfunc_c_fif_ty/wcms_corpfunc_topics__5-https://inside-ws.bosch.com/FIRSTspiritWeb/wcms/wcms_corpfunc/en/bosch_globalnet/02_organization/corporate_functions/c_fi/organization_303/c_fif/organization__17/c_fif_ty/topics__5/topics__34.html&NavigationContext=HLPFS://wcms_corpfunc_Bosch_20GlobalNet/wcms_corpfunc_02_20Organization/wcms_corpfunc_corporate_functions/wcms_corpfunc_c_fi/wcms_corpfunc_organization_303/wcms_corpfunc_c_fif/wcms_corpfunc_organization__17/wcms_corpfunc_c_fif_ty/wcms_corpfunc_topics__5,CategoryId
URS Inbox,https://rb-urm.bosch.com/inbox,CategoryId
Sensor PCM Team,https://inside.bosch.com/irj/portal/?NavigationTarget=HLPFS://wcms_rgeu_Bosch_20GlobalNet/wcms_rgeu_02_20Organization/wcms_rgeu_Regional_20Subsidiaries_20RG/wcms_rgeu_rbhu_1/wcms_rgeu_rbhu_organization/wcms_rgeu_rbhu_divisions/wcms_rgeu_rbhuecb_1/wcms_rgeu_ae_ne_hu/wcms_rgeu_AE_ESI_Bp_2/wcms_rgeu_Organization_48/wcms_rgeu_AE_ESI_P_Bp,CategoryId
BUs - PS Airbag Eng Folder,\\bosch.com\dfsrb\DfsUS\DIV\CC\Prj\PS\Airbag\Department\BUDGET_TRACKING,CategoryId
BUs - OSS Acq Folder,\\bosch.com\dfsrb\DfsDE\DIV\CS\DE_CS$\Prj\PS\Projects\Acquisition\AcqPrj,CategoryId
CC - ProLib,http://abt-prolib.de.bosch.com:8080/pkit/main.jsp,CategoryId
CNA Sales App (test-app),https://rb-testapp.de.bosch.com/APP/CnaSalesDatabase/login,CategoryId
CNA Sharepoint #2,https://sites.inside-share.bosch.com/sites/159743/Documents/Forms/AllItems.aspx,CategoryId
Acq Business Process (CC),https://connect.bosch.com/communities/service/html/communityoverview?communityUuid=034e6a12-83df-4d12-9353-6b3c40bb3694,CategoryId
Desktop Folder,C:\Users\rrj3fh\Desktop\,CategoryId
RoderServer,\\RoderServer\data,CategoryId
Links Manager Folder,\\Ply2fs01\rrj3fh$\rrj3fh\03 Files\00_LinksManager,CategoryId
Training,\\Ply2fs01\rrj3fh$\rrj3fh\03 Files\20_Trainings,CategoryId
Fleetio (BEG Pool Cars),https://secure.fleetio.com/users/sign_in,CategoryId
Trophy Tags,https://www.etsy.com/cart,CategoryId
iGPM Web Overview,https://rb-wam.bosch.com/mds-pro-fe/overview,CategoryId
BBMSP Volumes,https://app.powerbi.com/groups/me/reports/5e109ee9-290a-4b44-b846-41eb082b280c/ReportSection?ctid=0ae51e19-07c8-4e4b-bb6d-648ee58410f4,CategoryId
iGPM PID Pro,https://rb-wam.bosch.com/pid-pro-fe/overview,CategoryId
CNA Sales App,https://www.intranet.bosch.com/APP/CnaSalesDatabase/login,CategoryId
CNA Managers Folder,\\bosch.com\dfsrb\DfsUS\loc\Ply\CC\Sales\CNA\CNA-Managers,CategoryId
iGPM PN Maintenance,https://rb-wam.bosch.com/mds-pro-fe/pn-maintenance,CategoryId
My HR,https://inside-ws.bosch.com/myhr/en/startpage,CategoryId
Town Sq (hoa),https://app.townsq.io/login,CategoryId
Cost Center Planning,https://nais.us.bosch.com/ccpt/costcenter/360/3001/cs,CategoryId
AMA Repository,\\bosch.com\dfsrb\DfsDE\LOC\Rt\AE\scs\products\sensors\9_AgileTeams\01_MobilitySensors\01_AMACall,CategoryId
Mr Cooper Mortgage,https://account.mrcooper.com/ed04d0f3-eba1-467f-91e7-52505132554c/oauth2/v2.0/authorize?p=B2C_1A_SignUpOrSignIn&client_id=2a694b91-5631-4fe1-9039-775a23b420c8&nonce=defaultNonce&redirect_uri=https://www.mrcooper.com/sessions/login&scope=openid&response_type=id_token&response_mode=form_post&pageName=&guid=c907e847-85fd-4852-9729-f166aa9f2b80&ga_client_id=&session_id=bcbd8eeb63dcfd3fbdc4b1a417a8737e&&getCustomer=no&state={%22redirect%22:null}&x-client-SKU=apollo-accounts-mrcooper,CategoryId
Listen On Repeat,https://listenonrepeat.com,CategoryId
Bank of America,http://www.bankofamerica.com,CategoryId
Google Finance,http://www.google.com/finance/portfolio?action=view&pid=1,CategoryId
US Bank,https://access.usbank.com/cpsApp1/index.jsp,CategoryId
iBenefits,https://ibenefitcenter2.mercerhrs.com/login.tpz?reason=UserLogout,CategoryId
MSUFCU,http://www.msufcu.com,CategoryId
iBenefits - Plan Information,https://ibenefitcenter2.mercerhrs.com/ResourceCenterPlanInfo.tpz,CategoryId
Bosch 401k vs. Roth 401K info,https://dcaccounts.mercerhrs.com/institutional_shared/html/enrollment/401k_learnmore.htm,CategoryId
Fidelity,https://www.fidelity.com/,CategoryId
Y-charts BRK-B P/B,https://ycharts.com/companies/BRK.A/price_to_book_value,CategoryId
Benefits Wallet,https://www.mybenefitwallet.com/,CategoryId
iGPM PID Link,https://rb-wam.bosch.com/pid-pro-fe/overview/329201,CategoryId
Art of Manliness,http://www.artofmanliness.com,CategoryId
Flag Football Link,http://legacycenter.maxgalaxy.net/BrowseLeagues.aspx?LeagueFilter=18+8,CategoryId
Golf Leagure Tracker,https://www.golfleaguetracker.com/glthome/league/,CategoryId
MIT Willingness To Pay,http://miter.mit.edu/articlethree-failures-willingness-pay/,CategoryId
Move in Michigan,http://www.moveinmichigan.com,CategoryId
Mp3 Editor Online,http://www.wincreator.com,CategoryId
Paul Minors Book Reviews,https://paulminors.com/resources/book-summaries/download/,CategoryId
SCOR Method for Wedges,http://www.scorgolf.com/content/SCOR-Method.pdf,CategoryId
Scoring Skills Golf,http://www.scoringskillsgolf.com/,CategoryId
Windows Shortcuts,http://www.pcworld.com/article/2012885/20-must-know-windows-8-tips-and-tricks.html,CategoryId
SCS 1 Root,\\BOSCH.COM\DfsRB\DfsUS\loc\Ply\ILM\Dept\AE_SCS_NA,CategoryId
